customer_id,name,email,phone
1,Erica Wilson,sharon41@example.net,478.901.3762
2,Mr. Brian Lane,mrodriguez@example.org,001-969-745-9289x63243
3,Wendy Rodriguez,bad-email,001-560-990-7224x250
4,Kristen Hill,xfowler@example.net,(831)271-6231x6383
5,Lori Glass,jamessullivan@example.com,446-709-9631x130
6,Nathan Hendricks,harrisonlisa@example.org,+1-694-786-7448
7,Linda Jimenez,matthew94@example.net,+1-442-446-3818x8290
8,Phillip Williams,rachel75@example.com,9164312406
9,,stephaniecook@example.org,773-939-9114
10,Mr. John Knox,bartonfaith@example.com,254.460.7636x5977
11,Anthony Castillo,dennis67@example.org,3348082557
12,Matthew Williamson,lisa89@example.com,(507)291-4598
13,Steven Baker,marilyn06@example.net,6909312809
14,Terry Miller,meganbray@example.net,(874)326-1469
15,Carla Thomas,qhiggins@example.net,3353426987
16,Keith May,thomashendricks@example.net,+1-739-758-9636
17,Marcus Butler,bad-email,+1-961-539-0316x169
18,Regina Guerrero,christopherbryan@example.com,5202566255
19,Michael Scott,samantha88@example.net,(395)336-6567x49227
20,Daniel Miller,spencercollins@example.com,+1-550-745-0979
21,,gloriamercado@example.com,634.851.6994
22,Laurie Cook,robertgutierrez@example.net,857.967.7239x37022
23,Arthur Lowery,stacywoods@example.com,854-233-3973x2427
24,Lori Wallace,gilljoe@example.org,001-271-694-8391x9449
25,Anthony Tucker,scottbruce@example.net,001-511-536-7844x2721
26,Holly White,andrewclark@example.net,(876)490-6379
27,Nathaniel Johnson,davidsmith@example.net,001-869-476-5538x2209
28,Miss Taylor Morgan,alicia20@example.com,001-546-317-2194x77294
29,Candice Brown,lori55@example.com,
30,Benjamin Gomez,cgrant@example.org,(678)966-2571
31,Ashley Walton,lgoodman@example.net,+1-297-778-2987x0484
32,Richard Cummings,joestewart@example.net,
33,David Hester,castrodavid@example.com,372.714.5351x078
34,Tracy Bauer,sean89@example.com,674.272.3941
35,Alejandra Martin,paul13@example.org,(968)482-6427
36,Janice Arnold,nmorales@example.net,
37,Michael Larson,satkinson@example.org,874.509.6662x60153
38,Edward Soto,yvettemartinez@example.com,+1-831-585-3614x36171
39,Paul Harrell,lwilliams@example.org,+1-931-613-4530x0029
40,Bryan Matthews,ediaz@example.org,
41,Deborah Curtis,johnsonbeth@example.org,528-756-0276
42,Brian Jones,bad-email,8947739196
43,Jessica Jackson,hlewis@example.net,001-270-774-7671x805
44,Kari Clark,kristin16@example.net,
45,Jo Hansen,rojascharles@example.com,(284)812-8744
46,Ann Mathews,michaelsalinas@example.net,277-601-9973x2661
47,Sheila Baker,johnharris@example.org,+1-802-827-6069
48,Kevin Harris,bgreen@example.org,+1-344-642-7420x2045
49,Lindsay Scott,tiffanyray@example.net,001-834-681-0103x271
50,Norma Smith,jenniferpowell@example.net,
51,Mitchell Fisher,bad-email,324-217-2506
52,Lisa Dominguez,matthewsleslie@example.com,001-955-530-0928
53,Sophia Allen,rothkenneth@example.org,767.573.6908x881
54,Brandon Carter,christinehudson@example.net,388.511.5482x81834
55,Daniel Kennedy,garciaanthony@example.com,429-977-8692x45019
56,Patrick Patterson,wstone@example.net,(803)393-4406x8582
57,Matthew Davis,samuel25@example.org,+1-951-364-2345x3753
58,Amanda Wright,bad-email,(437)576-4023x660
59,Austin Lynch,rhonda07@example.org,292.342.3904x807
60,Justin Mills,yolanda22@example.org,(874)365-4682x102
61,Melissa Allen,mcgeedaniel@example.net,001-889-419-3967
62,Ronald Dixon,stephaniespencer@example.net,615.601.9853x971
63,Michele Casey,hopkinsnatasha@example.org,2985869345
64,Joshua Jones,owensbeverly@example.com,(427)943-6867
65,Jessica Strong,leslie96@example.org,275.561.1656x068
66,Matthew Acosta,oadams@example.org,001-960-296-1579x01868
67,Jeffrey Parsons,pschmitt@example.net,+1-343-833-8899x441
68,Andrew Jones,robertstephens@example.com,
69,Jason Hansen,johnsongeorge@example.org,(376)229-2016
70,Lori Patrick,daviddavidson@example.net,001-549-267-2718x3488
71,Nicholas Vargas,fsharp@example.net,290-689-1889x2049
72,John Hurley,tanya85@example.org,831.758.6037
73,Edward Young,cody60@example.com,(364)512-3094x88002
74,Jennifer Merritt,lponce@example.com,246-436-2837
75,Robert Goodwin,bfranklin@example.net,+1-408-897-5258
76,Thomas Strickland,erikaward@example.org,001-711-775-3345x07040
77,Debra Solis,daniel62@example.com,(835)661-7666
78,Adam Reilly,craigvanessa@example.net,257-599-1228
79,Jill Klein,bad-email,896.688.1922
80,Tara Gonzalez,bad-email,(873)418-6705x776
81,Joel Perez,wkim@example.net,247-390-7157
82,John Marshall,sarah87@example.net,+1-632-544-6004x6828
83,Clayton Deleon,wattsmatthew@example.org,
84,Amanda Fuller,andersondavid@example.org,297-377-2950x511
85,Vincent Greene,ricky55@example.net,(460)552-2489x6897
86,Lori White,miguel50@example.com,(578)958-2148
87,Sara Gregory,ndecker@example.com,+1-611-482-6738x87426
88,Matthew Campbell,banksjay@example.org,(944)543-9147x627
89,Olivia Gould,oday@example.net,
90,Debbie Woods,charles10@example.org,(978)767-8251
91,Gina Morrow,bad-email,001-944-690-0096
92,Jennifer Ward,ilee@example.com,359.632.1775x635
93,Brian Johnson,jennifer84@example.net,712.769.8924
94,Eric Strong,payneveronica@example.net,6457845970
95,Cheryl Ramos,weaversteven@example.net,277.221.6321
96,Colton Williams,jacobsonjoseph@example.com,596-776-8481
97,Jessica Lynch,annastanley@example.org,226.845.0207x3638
98,Monica Gonzalez,kliu@example.org,(281)266-6186x139
99,Rachel Alvarez,denisebrowning@example.org,001-553-627-2545x7162
100,Jesus Williamson,dylan93@example.net,(280)584-1993x572
101,Pamela Compton,amandahernandez@example.org,(809)378-6692x72406
102,Cory Smith,nferguson@example.org,(246)642-5961x9207
103,William Liu,anthony09@example.net,665-528-5949x394
104,Sue Campbell,krivera@example.net,372.748.6810x3549
105,Benjamin Harris,rodneynicholson@example.com,4048726303
106,Samuel Robinson,lisahines@example.org,525-372-3585x7960
107,Gabriella Martin,lisabrewer@example.com,835.263.7635x01934
108,James Phillips,jameswalters@example.com,(471)605-7389x5595
109,Jordan Anderson,frederick95@example.net,(634)318-9122
110,Patrick Smith,tlang@example.org,001-708-818-9824x6235
111,Ashley Garcia,petersonwilliam@example.net,454-329-7907x7589
112,,bryan74@example.com,526-505-3550
113,Glenn Parker,bad-email,220.744.8463
114,Susan Garcia,xbrown@example.org,210-840-8370
115,Charles Reed,taylorshelby@example.net,+1-335-871-1111x8415
116,Joseph Rodriguez,kjohnson@example.net,+1-738-980-9186x722
117,Mrs. Caitlin Brown DDS,vhowell@example.net,
118,Billy Price,rrodgers@example.net,001-504-225-1609x55117
119,Jay Johnson,crystal39@example.com,870.623.5213
120,Matthew Morrison,miranda08@example.com,(410)324-6826x1934
121,Michael Wright,maldonadosusan@example.net,661-342-9790
122,Jordan Cummings,danagregory@example.com,662.288.0709x5871
123,Laura Moore,kpeterson@example.net,001-623-640-5876x3957
124,Joseph Norris,olyons@example.org,357-561-4806x9390
125,Denise Curry,matthewrogers@example.org,+1-241-637-1038x24831
126,Mary Carter,cowens@example.org,7372361265
127,Tracey Williams,phillipscarol@example.net,465.396.9868x1555
128,Courtney Stout,ghowell@example.net,343-423-5452x76227
129,Jason Cummings,chavezmark@example.org,704-323-4856x698
130,April Green,gabrielrussell@example.net,843-518-1599x451
131,Crystal Hawkins,dorothy62@example.com,(887)667-6355x877
132,Zachary Smith,vaughnkimberly@example.com,492.768.9878x4444
133,Martin Walker III,gbrady@example.com,242.720.7465x3551
134,Gilbert Weber,shawnnorris@example.net,214.996.8451x5337
135,Calvin Matthews,julia23@example.com,(387)955-8690
136,Joshua Smith,heather89@example.org,(388)978-7589x0304
137,Eugene Smith,jade90@example.com,(504)523-2509x58371
138,Teresa Robertson,thomas28@example.com,(421)273-1000x8372
139,Robert Bullock,anthonygoodwin@example.com,001-779-632-5941x139
140,Alexander Watson,sullivankayla@example.org,(805)806-0719x7390
141,Audrey Lee,williamschristopher@example.org,949.364.3312x700
142,Kristin Watkins,gary24@example.net,(811)352-4143x79856
143,Dillon Hardy,brianna08@example.org,001-617-470-9703x198
144,Ronnie Williamson,johnsonbrenda@example.com,+1-665-892-7888
145,Cynthia Jones,jesse21@example.org,3786060256
146,Ivan Reyes,christopher66@example.com,741-485-2485x54645
147,Heidi Ward,noahhernandez@example.net,(469)721-9315x629
148,Phillip Williams,fguzman@example.org,817-511-1386
149,Sara Marshall,nathan16@example.org,001-600-308-0247x912
150,Jessica Ramos,stacybates@example.net,+1-473-524-3069x4939
151,Pamela Jackson,kcollier@example.org,001-455-763-1098
152,Joseph Jones,bad-email,870.501.1386x5924
153,Antonio Fernandez,pperez@example.com,(386)401-3831
154,Frances Castillo MD,lisa26@example.com,(761)583-6055x83623
155,Andrea Kelly,kimberly25@example.org,507.537.4908x1478
156,Steven Gutierrez,daniel45@example.net,3326401051
157,,fwatson@example.org,227-765-5954x403
158,Christopher Smith,oliviachandler@example.net,403.208.6549x7106
159,Maurice Myers,gregorybrown@example.net,
160,Patrick Lamb,priceandrea@example.org,732.640.0372x1884
161,Michael Goodman,jessica58@example.com,2336954586
162,Zachary Herman,fbooth@example.com,2353071037
163,Amy George,uwalsh@example.net,292.349.2412x688
164,Dustin Reed,belindapaul@example.org,(973)476-7074x850
165,Joseph Thomas,elizabethjordan@example.com,963-941-5728x823
166,Daniel Benjamin,mrivera@example.com,
167,Austin Joseph,macktammy@example.net,7768940084
168,Mackenzie Jones,mcdonaldray@example.net,809-518-2500
169,Ricky Hensley,uturner@example.net,+1-353-384-4624x36524
170,Lisa Jones,kimberly81@example.com,674-770-5357
171,Alexis Cole,nicholsdeborah@example.net,7947695960
172,Willie Boyd,youngtyler@example.com,734-589-6398x950
173,Brenda Strickland,johnsonivan@example.com,
174,Heather Williams,sarah00@example.org,+1-277-466-5429
175,Lori Archer,bad-email,(580)651-8384x20811
176,Shirley King,clarkjonathan@example.org,576-258-1500x39248
177,John Williams,raykerr@example.net,001-964-672-1230x2944
178,Joshua Romero,ypena@example.net,823.406.8707x7773
179,Samantha Aguilar,warneralexander@example.org,
180,Joy Brown,campbellyvette@example.com,331.994.5188
181,Heather Lewis,dianesmith@example.com,001-268-352-4858x333
182,Leah Ryan,wilsonkristina@example.org,782-947-1558x6569
183,Alexis Watts,donnapena@example.com,627.826.4081x57576
184,William Cunningham MD,teresa52@example.net,001-917-816-3783
185,Misty Bernard,michelleflores@example.org,(625)743-4816x3870
186,John Sawyer,nschneider@example.net,336.566.6148x71843
187,Andrew Gutierrez,iarmstrong@example.com,(731)835-7723x3900
188,Wayne Vasquez,reidhannah@example.net,(805)707-3718
189,Ronald Gonzalez,kellyrose@example.net,
190,Susan Cooper,wellsshannon@example.com,8052536292
191,Peggy Tran,franklinsusan@example.net,001-297-760-7422
192,Calvin Green,sheppardtracey@example.com,757-435-3741
193,John Wells,mitchellteresa@example.org,(911)323-8372x8981
194,Geoffrey Snow,wagnernathan@example.org,843.646.9399
195,Stephen Stephens,xgriffin@example.net,001-408-823-1306
196,Amber Morton,xmcmillan@example.com,(365)375-1888x305
197,Jennifer White,mollybrown@example.org,001-996-617-0404
198,Sara Herrera,tracilopez@example.net,001-623-387-6694x98144
199,Joseph Diaz,eberry@example.net,001-401-755-7983
200,Amanda Medina,asmith@example.org,001-493-817-1876x85554
201,Chelsea Simpson,robert43@example.com,001-380-646-2364x53404
202,Emma Walker,janice98@example.org,8515160059
203,Michael Nolan,iryan@example.com,998-842-0067x269
204,Clayton Taylor,richard53@example.org,+1-431-398-8808x414
205,Deanna Lloyd,ayersdiamond@example.org,(253)680-2502x471
206,William Garcia,proctorjennifer@example.com,
207,Ana Cabrera,mvargas@example.com,868-761-1916x7119
208,Kevin Wang,kristinemarks@example.org,5332318176
209,Wendy James,ybenton@example.org,001-863-994-2264x00367
210,Jennifer Kline,jeremyguerra@example.com,494.393.8119
211,Samantha Campos,ricardocunningham@example.net,328.613.7897x17447
212,Glenda Griffin,blackdaniel@example.org,(816)329-8261
213,Wendy Duncan,kbradshaw@example.net,(700)310-9336
214,Nathan Martinez,sheilaking@example.org,207.585.3965x1034
215,Lisa Crawford,watkinschristopher@example.com,6044468024
216,Robert Gordon,mcdonaldmichael@example.org,001-237-548-8016
217,Michael Knight,antonioperkins@example.org,
218,Kayla Williamson,bbecker@example.org,654-327-4424x210
219,Andrew Robles,hsteele@example.org,001-289-971-0886
220,Justin Campbell,uvega@example.com,
221,Jacqueline Maldonado,wattsrichard@example.org,8393672102
222,Anita Cox,francoraymond@example.net,001-816-960-3356x8050
223,Joshua Juarez,claire20@example.com,727.741.8926
224,John Smith,brownadam@example.net,541-524-8778x534
225,Wayne Pierce,lisa51@example.com,
226,Steve Robinson,david57@example.com,579-626-2290x05241
227,Justin Warren,ipruitt@example.com,
228,Mario Smith,bad-email,8297243213
229,Victor Abbott,maryrodriguez@example.net,261-993-1997x3012
230,Paul Welch,anne82@example.com,
231,Timothy Bush,kevinpayne@example.org,001-289-740-5597x1953
232,Martin Baker,coneill@example.org,+1-459-218-2929
233,Robert Nelson,christina10@example.com,328.700.6252
234,Mary Perez,michaelcamacho@example.com,539-685-3582x12695
235,Regina James,evanclark@example.org,001-943-596-1333
236,Molly Newman,mclements@example.org,3996637898
237,Michaela Dalton,hectorrodriguez@example.com,(496)766-7370
238,Jay Campos,nicole58@example.com,001-934-337-7193x9943
239,Wendy York,simpsonanthony@example.net,396.692.4512
240,Benjamin Copeland,sjones@example.com,(997)587-4358x88688
241,Cynthia Williams,stephanie76@example.com,712-292-4736x12957
242,David Garza,johnsonshawn@example.org,001-677-339-7964x474
243,Edward Thompson,mgeorge@example.org,001-354-841-8584x90336
244,Sara Jacobson,bad-email,896-759-5020x8710
245,Kristin Adkins,ryan35@example.com,+1-444-207-8289x4779
246,Andrew Gomez,bad-email,+1-753-542-2131
247,Laura Galloway,greenekyle@example.net,885.434.1807x004
248,Stephanie Cannon,vmartin@example.org,+1-212-603-3618
249,Lisa Ramirez,simsaudrey@example.org,001-624-468-9935x491
250,Tara Murray,caldwelladam@example.net,270-354-2794x26029
251,Brittany Campbell,victoriafernandez@example.org,+1-939-967-9388x992
252,Joseph Hall,myoung@example.org,913-278-7155
253,Joseph Estes,kstanley@example.net,782.912.4340
254,Natalie Adams,andrew44@example.net,954.779.0966x6737
255,John Bradley,rebeccahill@example.org,001-298-833-5720x9612
256,Kelly Lopez,miranda81@example.net,+1-895-786-0090x736
257,Katrina Gray,carl62@example.net,224-224-4247x547
258,Timothy Williams,mwoods@example.org,900.675.3158x803
259,Melanie Gonzalez,teresaguerra@example.org,+1-748-293-5709x3087
260,Denise King,usingh@example.com,+1-351-492-6674x00941
261,Gregory White,salasjerry@example.net,001-791-551-0034x5244
262,Brittany Douglas,heather63@example.org,(587)365-3970x61949
263,Logan Simmons,karen43@example.org,347-977-9056x830
264,Mrs. Jessica Rivera DDS,muellerdebbie@example.org,589.910.6594
265,Kathleen Miller,gkeller@example.net,654-985-2092x4167
266,Crystal Taylor,jackstevens@example.net,594-930-4132x957
267,Jason Brown,michael23@example.org,(251)841-5328
268,Mr. Peter Patel,richard71@example.com,284.217.9124x46416
269,Alyssa Hudson,quinnjimmy@example.net,(767)950-9202
270,Courtney Howell,robinsonmatthew@example.org,
271,Elizabeth Castaneda,margaret22@example.com,548-215-4525x2048
272,Christopher Vasquez,rachelkoch@example.com,909.994.0447
273,Russell Adams,pollarddeborah@example.net,(929)396-8242
274,Julie Long,danarodriguez@example.org,229.982.7856
275,Lindsey Young,james43@example.net,+1-874-441-7333
276,Ms. Sara Moses,foxchristine@example.net,(705)438-2768x26531
277,Crystal Perez,bad-email,299.581.1375x3723
278,Kevin Harrington DVM,sarah74@example.net,
279,Evan Watkins,allenkevin@example.net,
280,Brian Frank,grossheather@example.com,217.982.2850x932
281,Aimee Roy,charris@example.net,5246179664
282,Glen Park,vfritz@example.com,
283,Michelle Barnes,jerry31@example.net,001-314-720-8524
284,Olivia Lewis,amandagoodman@example.net,633.371.4368
285,Walter Powell,james11@example.com,723.853.4715x6023
286,Greg French,jlam@example.org,352-831-7266
287,Cassandra Peterson,jose73@example.com,796.611.8202x54331
288,,simmonslaurie@example.com,918.648.5729
289,Tiffany Mendoza,christopher60@example.org,001-894-501-7775x4083
290,Jenna Bishop,bad-email,(381)743-1091x882
291,John Adams,fcombs@example.com,910-484-5004
292,Andrew Anthony,justinphelps@example.com,660.253.3521
293,Bobby Le,slewis@example.org,(894)666-8682
294,Dean Woods,cristinaramirez@example.com,476-669-7851
295,Cynthia West,harperalison@example.com,001-452-444-0036
296,Maria Nunez,michellenicholson@example.org,
297,Javier Fleming,moniquegonzales@example.com,206-501-2399
298,Alex Lane,mcdanielamber@example.org,
299,Stephanie Jones,bad-email,(946)719-6839x4732
300,William Smith,gward@example.net,226.981.3741x830
301,Stephanie Parks,charlesmeyer@example.org,+1-871-520-1924x3339
302,Brandon Walker,wsalas@example.com,677-850-0547x8064
303,Shawn Davis,bad-email,+1-262-526-2675
304,Mr. Daniel Mcbride MD,amy75@example.com,(856)501-0192
305,Darren Torres,corey54@example.org,669-363-4405
306,Jennifer Villa,williamwelch@example.net,+1-847-890-7739
307,David Baker,jennifer62@example.com,
308,Sally Turner,katie75@example.net,536.535.4142
309,Nicole Hoover,tandrews@example.net,696.406.4118
310,Sandra George,richardjones@example.com,608.371.2050x170
311,Kari Munoz DDS,hayessharon@example.com,(457)522-9802
312,Gina Mcconnell,codygentry@example.org,
313,Timothy Chan,caseyjennifer@example.com,(623)299-9925
314,Vanessa Rasmussen,davidoneill@example.net,+1-895-880-9234x988
315,Nancy Miller,snydercourtney@example.net,001-452-765-5377
316,Megan James,tammyparker@example.com,881-818-4761x8417
317,Brendan Cooper,christopher15@example.org,+1-356-562-2614
318,Caitlin Walker,aobrien@example.org,
319,Dustin Dawson,michelle65@example.com,734.870.8644x567
320,,charles95@example.org,
321,Sherri Lucas,jennaphillips@example.org,813-517-9764
322,Scott Sims,douglasriley@example.net,311-430-8283x52747
323,Jason Cole,morrisonamy@example.com,819.405.7617
324,William Smith,qmacias@example.org,456.735.4192
325,,nicholaspaul@example.org,473.271.7049
326,Lori Gregory,xmcdaniel@example.net,672.715.2038
327,Gerald Clark,vwu@example.org,+1-462-435-0886x877
328,Leslie Nicholson,ronald84@example.net,+1-294-511-1788
329,Lori Oconnell,alikenneth@example.com,+1-868-617-9840x6636
330,Jade Stewart,patelchristine@example.net,(980)462-4876
331,Lisa Vargas,james29@example.com,268-918-5119
332,Daniel Johnson,kimberly16@example.com,+1-998-539-0977x45732
333,Kenneth Sanchez,diazandrew@example.net,+1-858-547-4901x9442
334,Olivia Le,joneswilliam@example.com,785-925-7141x0929
335,Amy Chen,linda22@example.net,001-911-261-5178x52552
336,Juan Suarez,juliewebb@example.org,001-378-944-5851x5634
337,Jordan Hill,nicolebarnett@example.net,753-515-6513
338,Christopher Parker,amanda33@example.org,001-837-560-5195x442
339,Monica Abbott,gregorymichael@example.org,(554)552-2668
340,Henry Walters,robert38@example.org,+1-403-919-2427x7430
341,Parker Jackson,butlerbrenda@example.com,459.485.6016x733
342,Harold Hardin,raymond38@example.net,+1-470-773-2877x0141
343,Kathryn Smith,gsoto@example.org,441-381-0139x80151
344,Amy Wright,lmeyers@example.com,001-393-697-8561x080
345,Erin Ray,cbarron@example.com,+1-553-991-8971x914
346,Jessica Parsons,timothynelson@example.com,
347,Shelley Dominguez,iwright@example.com,
348,Jodi Sanchez,kennethcline@example.com,341.432.3719x8418
349,Elizabeth Russell,jason28@example.net,001-579-299-1653x18020
350,Michael Jefferson,bad-email,257.960.3284x3875
351,Todd Gonzalez,ericbullock@example.org,
352,Suzanne Preston,michaelpowell@example.net,323-628-3105
353,Kristen Thompson,andersonjoseph@example.net,001-355-451-7633
354,Thomas King,lydiaford@example.org,001-262-317-8665x55714
355,Courtney Barry,youngkathleen@example.org,549-911-5397
356,Maria Smith,schmidtvirginia@example.net,622-789-7080x8971
357,Pedro Sanchez,rebeccanelson@example.com,001-769-291-6784x875
358,Scott Reynolds,jack90@example.com,(252)865-0191x79357
359,Jacob Sims,bad-email,+1-944-478-6367x3042
360,Sarah Hickman,haileycurtis@example.net,930.405.7991x9827
361,Stacey Morgan,pandersen@example.org,540-238-0458x87803
362,Michael Lawrence,powerssergio@example.net,001-788-523-5091x390
363,Laura Colon,kristi87@example.com,(434)703-9642
364,Samantha Woodward,chris11@example.com,647.871.2816x3307
365,Sandra Johnson,davisbrittney@example.org,(254)461-2849x71750
366,Jennifer Hampton,tallen@example.net,567-990-0293
367,Henry Martinez,dawn29@example.org,649.402.4646x3506
368,Erik Davis,kimberly96@example.com,+1-697-647-5958x029
369,Nathan Howell,bad-email,001-707-927-9156x7416
370,Kimberly Brandt,franciscomurphy@example.org,6565417917
371,Kyle Hopkins,inelson@example.org,881.975.6347
372,Alexandra Anderson,tammy48@example.com,383-981-1088x38649
373,Robert Johnson,brittanyjackson@example.net,001-870-218-1343x423
374,Cassandra Conley,alyssadiaz@example.net,(541)316-9913
375,Jennifer Foley,lewisnicholas@example.com,654.921.9164x94468
376,Paul Nguyen,thammond@example.com,
377,Timothy Terry,reneepierce@example.net,(912)900-2329
378,Jessica Mullins,christopher11@example.com,359.918.6718
379,Nicholas Brewer,jwest@example.com,(269)524-8166
380,Emily Smith,angela95@example.org,+1-868-417-8177
381,Paul Harrell,ramirezmatthew@example.org,001-987-916-1098x37192
382,Justin Hernandez,uhicks@example.com,647.381.3689x19561
383,Colleen Palmer,david85@example.com,
384,Robert Knight,scottdavis@example.org,+1-504-961-1917x74818
385,Maurice Hess,jeremiahyork@example.net,(930)498-9353
386,Robert Jordan,austin58@example.net,+1-298-663-3559x452
387,Nicole Morrow,josephbraun@example.org,
388,Erin Pitts,mthompson@example.com,001-380-278-4582x545
389,Kim Coleman,barnettalison@example.com,322-206-6319x22090
390,Angela Hale,russellbrandon@example.org,4847566887
391,James Martinez,osmith@example.net,222-503-9728x03134
392,Randy Carlson,williamsmelissa@example.com,6234940476
393,Evelyn Miller,marylopez@example.com,001-364-692-1796
394,Mary Williams,rachel69@example.com,+1-772-828-4896
395,Cynthia Peterson,erodriguez@example.net,907-403-8914
396,Jordan Perez,bad-email,+1-449-640-4010
397,Amber Phillips,paul28@example.com,+1-519-414-2459
398,Kimberly Ramirez,kevin85@example.org,
399,Ronald Smith,solisparker@example.org,248.858.8201
400,Kathy Young,michele81@example.org,887-284-9714
401,Xavier Barker,baxterjill@example.net,001-590-442-0661x3987
402,Anthony Davis,angie98@example.com,751-470-6869
403,Steven Gonzalez,oscar99@example.com,731-480-2389
404,Jesus Alexander,hernandezadam@example.org,+1-975-750-5926x825
405,Maurice Mitchell,fgraham@example.net,(965)436-9591
406,Zachary Griffin,angelavilla@example.com,461-970-8766
407,Timothy Swanson,bad-email,868.486.8222
408,Katherine Nixon,rphillips@example.org,(736)521-7217
409,Rhonda Osborn,michelle94@example.org,814-721-2643
410,Aimee Miller,ldavis@example.org,+1-251-981-0479x867
411,Angela Pittman,brandoncampbell@example.org,428.885.0687x3890
412,Jonathan Smith DDS,coreykelly@example.org,882-922-9262
413,Steven Prince,ehernandez@example.net,(575)645-5609
414,Katherine Hernandez,helliott@example.net,
415,Caitlyn Johnson,timothywatson@example.org,319.375.3296
416,Richard Nunez,melaniegreen@example.net,(363)972-2180x26477
417,,evelyngoodwin@example.com,(914)698-6596x7452
418,Christian Hernandez,david17@example.org,305.952.2203x851
419,Christina Wallace,dunnjared@example.net,
420,Carl Greer,ryan07@example.org,264.960.0769x584
421,Robert Forbes,hardychristopher@example.org,+1-803-857-0415x695
422,Mrs. Lindsey James,james19@example.net,542-226-0820x9783
423,Todd Tucker,timothy09@example.net,8703405271
424,Curtis Price,james34@example.org,275.616.0371
425,Nicole Gates,hdavidson@example.org,
426,Stephen Johnson,joshua64@example.com,(742)284-7535x3648
427,Jesse Green,mario37@example.org,(912)789-7933x60954
428,James Carrillo,matthewadams@example.org,397-403-3605
429,Jeff Medina,dawn20@example.org,001-681-948-7311
430,Chad Martinez,christopher62@example.com,
431,Evelyn Williams,taylordeborah@example.org,(853)428-6305x5968
432,Tracy Benton,estradascott@example.org,(660)805-1728
433,Jason Gates,eray@example.org,317.888.1810x05190
434,Emily Welch,brownjoanna@example.com,4022371837
435,Anthony Carter,gwilson@example.org,(343)487-1434x749
436,Angela Fisher,colemanstacy@example.org,+1-675-217-0550x34808
437,Ryan Hendrix,christine96@example.org,541.736.9679x036
438,Brian Duncan,rcooper@example.org,(432)441-0153x4537
439,Shannon Santos,mharris@example.com,353-599-9274
440,Ellen Adams,schneiderchristina@example.com,(680)313-5550
441,Mrs. Wendy Lopez,matthewcruz@example.com,570.495.2964
442,Edward Mcbride MD,zacharybryant@example.net,708.704.9904
443,Mitchell Butler,smiththomas@example.net,765.694.2881
444,,joshuaboyd@example.org,899-740-9535
445,David Garcia,cameron70@example.com,001-673-227-0348x46580
446,Michael Johnson,katherine65@example.net,(418)428-4240x34065
447,Lonnie Cunningham,bad-email,(345)200-5804
448,Rebecca Henson,vward@example.org,(384)615-5666x5533
449,Stephanie Esparza,bakerjacob@example.org,679.876.9138
450,Christopher Wolfe,fletchersheila@example.net,326.478.3844x817
451,Dr. Teresa Velazquez DVM,kristinwilliamson@example.net,
452,Jillian Holmes,ptorres@example.com,
453,Kelly Robinson,oguerrero@example.org,(250)448-5234
454,Christian Cook,patrick48@example.net,001-860-576-2925x84458
455,Angela Hancock,murraymelissa@example.net,(887)674-3173
456,Susan Garcia,thenry@example.net,6582779781
457,Annette Lopez,paulclark@example.net,369.690.3181
458,Heather Hart,elizabeth50@example.net,001-222-563-1089x53412
459,Michael Goodman,loliver@example.com,6879712636
460,Caroline Hill,tracydickson@example.com,+1-905-386-6128
461,Martha Lucas,vanderson@example.com,001-695-218-0638x088
462,Aaron Martinez,ehoward@example.org,991.407.9096x0308
463,Kim Adams,yavila@example.net,966-990-2165x1660
464,Paula Perry,lisabrooks@example.net,9863879372
465,Jennifer Bailey,philip33@example.com,001-694-440-9351
466,Brandon Estes,mirandaleroy@example.org,001-599-758-6072
467,Gregory Freeman,ehernandez@example.com,9608502014
468,Michael Mcknight,vrodriguez@example.com,(577)639-9328
469,Jody Lane,john65@example.net,+1-556-592-2064x249
470,Jeffrey Myers,robertsonchristopher@example.org,(562)350-9922x772
471,David Blair,robertsmith@example.com,001-772-603-1444
472,Desiree Goodwin,smithlisa@example.org,6942793340
473,Nichole Nichols,charles99@example.org,516.771.7805
474,Troy Moore,donaldmeadows@example.org,
475,Andrew Knight,kylebarron@example.net,(727)602-8321
476,Michael Roberts,lawrence62@example.com,+1-521-812-6598x39324
477,Angela Miller,bad-email,482-354-6045
478,Dana Wilson,davisgrace@example.com,(306)677-1358x40728
479,Rebecca Mclean,kelly49@example.com,535-925-0275x223
480,Jeffrey Singh Jr.,andrew33@example.net,(742)699-5397
481,Karen Jones,james70@example.com,(284)763-0216
482,Brian Porter,christopheravila@example.org,+1-398-724-9038x1948
483,Michaela Melendez,carlbaxter@example.net,876-423-7601
484,Amanda Jones,amanda84@example.com,3639653648
485,Marcus Hubbard,eric78@example.com,+1-378-575-5024x14476
486,Timothy Nelson,vaughnkaren@example.net,942-547-6178
487,Evelyn Gordon,guerrasherry@example.net,+1-603-216-2757
488,Nicole Young,tracy36@example.com,001-869-978-7773x54202
489,Sarah Solis,bad-email,674.282.8937x27309
490,Lori Farmer,duncancynthia@example.com,001-704-377-0186x76301
491,Mr. Kurt Dorsey DVM,xgilbert@example.net,(299)722-2542x857
492,Joshua Harmon,piercetrevor@example.org,
493,Ronald George,kristin91@example.com,491-259-6942
494,Joy Farmer,jenniferjohnson@example.com,001-306-520-3284
495,Theodore Keller,ibrown@example.net,547.963.3377
496,Jennifer Hill,bad-email,399.418.8381x96372
497,Stephanie Gibson,vasquezanthony@example.org,5594197345
498,Richard Hood,mia76@example.net,+1-373-811-4791x560
499,Charlene Bowers,markflores@example.org,+1-667-526-6850x14548
500,Chad Juarez,adamssusan@example.net,(217)363-1091x811
362,Michael Lawrence,powerssergio@example.net,001-788-523-5091x390
74,Jennifer Merritt,lponce@example.com,246-436-2837
375,Jennifer Foley,lewisnicholas@example.com,654.921.9164x94468
156,Steven Gutierrez,daniel45@example.net,3326401051
105,Benjamin Harris,rodneynicholson@example.com,4048726303
395,Cynthia Peterson,erodriguez@example.net,907-403-8914
378,Jessica Mullins,christopher11@example.com,359.918.6718
125,Denise Curry,matthewrogers@example.org,+1-241-637-1038x24831
69,Jason Hansen,johnsongeorge@example.org,(376)229-2016
451,Dr. Teresa Velazquez DVM,kristinwilliamson@example.net,
10,Mr. John Knox,bartonfaith@example.com,254.460.7636x5977
195,Stephen Stephens,xgriffin@example.net,001-408-823-1306
407,Timothy Swanson,bad-email,868.486.8222
85,Vincent Greene,ricky55@example.net,(460)552-2489x6897
372,Alexandra Anderson,tammy48@example.com,383-981-1088x38649
389,Kim Coleman,barnettalison@example.com,322-206-6319x22090
496,Jennifer Hill,bad-email,399.418.8381x96372
31,Ashley Walton,lgoodman@example.net,+1-297-778-2987x0484
317,Brendan Cooper,christopher15@example.org,+1-356-562-2614
409,Rhonda Osborn,michelle94@example.org,814-721-2643
491,Mr. Kurt Dorsey DVM,xgilbert@example.net,(299)722-2542x857
492,Joshua Harmon,piercetrevor@example.org,
281,Aimee Roy,charris@example.net,5246179664
357,Pedro Sanchez,rebeccanelson@example.com,001-769-291-6784x875
77,Debra Solis,daniel62@example.com,(835)661-7666
