isbn,stock,location
978-1-330-39514-1,59,East Elizabethmouth
978-0-912811-20-8,81,Wadeville
978-1-340-31804-8,28,Laneside
978-1-5137-6062-9,17,North Tony
978-0-241-63801-9,7,West Christopherbury
INVALID,75,North Samantha
978-1-221-48569-2,55,Sandersstad
978-0-00-486077-0,94,Kaitlynton
978-0-7413-2232-6,49,West Andreamouth
978-0-12-033389-9,-1,Perezborough
978-0-948989-62-9,83,West Jeffrey
978-1-61073-465-3,14,North Samuel
978-0-577-08389-7,36,South George
978-0-446-81875-9,95,Leachstad
978-1-02-531507-2,52,Zamorahaven
978-0-337-81828-8,21,
978-0-268-21480-7,26,Jacobburgh
978-0-03-598972-3,24,Robinsonborough
978-0-12-350585-9,85,Robbinsbury
978-0-359-76318-4,79,Armstrongburgh
978-1-68686-491-9,96,Moyerhaven
978-0-563-22743-4,75,
978-0-10-349265-0,64,Mccarthyburgh
978-0-19-826347-0,48,Port Jacob
978-1-80887-324-9,65,Daviston
978-0-8371-4762-8,56,East Dianeshire
978-1-61486-812-5,93,Baileyhaven
978-1-59593-095-8,16,Jessicafurt
978-1-214-52840-5,78,
978-0-7543-3058-5,84,New Kimberlyburgh
978-0-669-38855-8,34,
978-0-537-43219-2,25,
978-0-09-954320-6,92,Port Christopher
978-1-64424-343-5,2,Rodriguezview
978-1-69052-873-9,17,South Jason
978-0-00-838495-1,32,South Matthew
978-1-4552-9740-5,10,North Amanda
978-1-4966-2109-2,-1,Port Thomasland
978-1-935399-52-0,21,Gilmorechester
978-0-05-335109-0,73,North Matthewfurt
978-1-5118-7907-1,41,Jamesbury
978-1-393-42990-6,6,Amandaborough
978-1-09-243853-7,50,Brennanshire
978-0-524-17543-9,30,West Vincent
978-1-84600-580-0,1,Millerville
978-0-641-23821-5,9,Olsonchester
978-1-147-85326-1,55,North Stephanie
INVALID,64,East Luisland
INVALID,86,West Kim
978-1-07-167103-0,40,Oconnellville
978-1-320-01415-1,-1,Port Amyberg
978-1-77954-677-7,31,Lake Michael
978-0-06-034167-1,80,Port Nicole
978-1-4779-6335-7,50,West Brad
978-0-665-36455-6,63,South Angelafurt
978-0-381-68975-9,4,Guzmanberg
978-0-17-720643-6,12,East Kristen
978-0-918200-39-6,-1,Lake Tammy
INVALID,37,South Johnfurt
978-1-75304-012-3,49,Port Andrew
978-0-415-65516-3,39,Port Michaelfurt
978-0-659-28994-0,-1,East Kathleen
978-1-4507-3625-1,32,East Nathaniel
978-0-424-82943-2,89,Reynoldsport
978-1-57087-514-4,54,Port Sarah
978-0-13-536975-3,40,Colebury
978-1-187-67325-6,29,Masonfort
978-1-5073-1818-8,31,Holmeshaven
978-0-7091-4102-0,84,Petersonhaven
978-1-72278-965-7,84,Weissland
978-1-63299-951-1,29,Lake Tiffanyberg
978-1-84518-461-2,21,West Stacey
978-0-06-398432-5,23,Petersbury
978-0-9628474-5-5,59,New Ashley
978-0-240-97326-5,87,Port Stacyton
978-0-265-76566-1,6,Richardside
978-0-07-153698-1,83,North Katherine
978-0-02-595939-2,99,West Christina
978-0-7960-3154-9,51,Amberborough
978-0-531-91769-5,11,Oliverfurt
978-1-75373-032-1,2,Christinehaven
978-0-7195-9975-0,1,New Brianfurt
978-0-332-31357-3,36,North Lisa
978-1-5260-2738-2,95,Port Shannon
978-0-606-08300-3,64,North Michaelport
978-1-346-25973-4,-1,West Ashley
978-0-7852-1238-6,16,North Bobby
978-0-387-26218-5,72,Traciland
978-1-02-863355-5,-1,West Benjamin
978-1-4756-7216-9,48,Lake Erica
978-1-64975-736-4,25,Jacobborough
978-0-9723934-8-5,64,Santosview
978-1-5063-4411-9,81,Davisstad
978-1-02-228052-6,81,Wardville
978-1-268-35299-5,73,South Daniel
978-1-182-73719-9,66,Melissamouth
978-0-265-67867-1,7,Millerburgh
978-0-7532-0808-3,60,North Mary
978-0-8487-1694-3,17,South Julie
978-1-243-43115-8,39,Reesemouth
978-1-9750-5199-0,58,Estradaville
978-0-330-29721-9,87,Romerobury
978-0-04-115963-9,90,Elizabethshire
978-1-66400-709-3,70,Port Markberg
978-1-55716-960-0,61,Morrisborough
978-1-894372-91-6,41,Matthewhaven
978-1-130-56251-4,60,New Davidchester
978-1-64430-223-1,24,Boyerside
978-1-7368282-2-9,77,Bushfort
978-1-262-14844-0,93,North Michaelside
978-0-260-64000-0,70,West Kathryn
978-0-9799495-0-0,69,New Kimberly
978-0-469-61462-8,36,Huertafort
978-0-86685-446-7,62,Port Lisaton
INVALID,24,West Glennchester
978-0-379-12821-5,75,East Jamesland
978-0-05-431287-8,68,Melissachester
978-1-56148-683-0,-1,Staceybury
978-0-87653-141-9,25,Lisaview
978-0-402-82933-1,56,West Michaelshire
INVALID,44,New Erinton
978-0-588-70706-5,3,South Adam
978-0-7485-1156-3,15,West Jessemouth
978-1-63689-579-6,82,North Brandonchester
978-1-02-808224-7,80,Jamesfort
978-1-874051-03-9,53,Port Stephanieborough
978-0-15-007398-7,76,Allenside
978-0-18-752602-9,2,Port Amy
978-0-550-87539-6,34,Wilsonburgh
978-0-13-159856-0,-1,Taylorchester
978-1-07-896541-5,13,Mercedesborough
978-1-159-18874-0,15,Lake Monica
978-1-126-55446-2,2,Lake Catherine
978-1-340-12830-2,100,Garrettburgh
978-1-220-41033-6,60,South David
978-0-274-90499-0,39,North Johnberg
978-1-68558-931-8,90,Paulstad
978-1-67432-916-1,32,North Carrie
978-1-5153-7778-8,33,Kellychester
978-1-55597-848-8,9,Patelton
978-1-4472-8759-9,43,Jasmineton
978-0-05-063300-7,74,East Kathleenport
978-0-87673-766-8,81,Rubenburgh
978-0-265-88135-4,31,West Ronald
978-0-01-277272-0,-1,North Alyssa
978-1-381-08532-9,62,West Thomas
978-1-4591-4142-1,57,West Gregory
978-0-02-701771-7,12,Lauraport
978-1-74019-626-0,99,New Jeromeport
978-0-7170-5665-1,37,North Joseberg
978-1-62741-655-9,40,Gomezchester
978-1-05-235655-0,-1,Lewisfurt
978-1-9823-7316-0,24,South Christopher
978-1-61857-591-3,42,Andrewsland
978-0-05-199137-3,96,Michellefurt
978-1-4686-8003-4,30,Gonzalezbury
978-1-278-30098-6,7,West Robyn
978-1-931993-01-2,24,West Amandachester
978-0-330-21400-1,29,Saundersberg
978-1-76719-919-0,35,Brittanymouth
978-1-4098-3942-2,52,South Katherine
978-1-329-50723-4,83,Port Timothyport
978-1-278-67942-6,-1,East Morganburgh
978-1-329-60980-8,56,Lake Tiffany
978-1-365-76967-2,74,Port Vincent
978-1-04-290018-3,51,South Lauren
978-1-271-19501-5,55,Port Jeffery
978-0-86671-352-8,56,Frankchester
978-0-08-874738-7,15,Lake Christinafurt
978-1-294-88876-5,19,Williamtown
978-1-81162-644-3,68,Sharonchester
978-1-08-910224-3,50,Port Derrickfort
978-0-7874-9706-4,32,Jamesville
978-1-74670-742-2,100,Darrenmouth
978-0-385-44890-1,72,Port Jamesmouth
978-1-308-54265-2,83,Garciafort
978-1-82459-628-3,-1,East Ashleyville
978-1-64397-159-9,65,Mcintoshmouth
INVALID,68,North Stacy
978-1-69184-742-6,66,North Samanthaberg
978-0-619-45192-9,43,East Ashley
978-0-346-08126-0,11,Amberton
978-0-12-794875-1,61,Grimestown
978-1-4907-4919-8,73,Doyleshire
978-1-07-695176-2,77,Penaview
978-1-76080-541-8,43,Stevenstad
978-0-556-59728-5,56,Williamshaven
978-0-225-81903-8,22,West Aliciaborough
978-0-613-37941-0,69,Ashleytown
978-1-02-521389-7,80,South Katrina
978-1-9847-8609-8,71,North Jamesview
978-0-417-62968-1,41,Karastad
978-1-339-02261-1,99,South Lawrence
978-0-09-512912-1,20,Huntberg
978-0-8462-1598-1,53,Matthewhaven
978-1-02-256535-7,10,Daviesfurt
978-1-5147-3905-1,16,West Rachelhaven
978-1-05-287637-9,14,
978-1-4131-2715-7,23,Rachelside
978-1-941615-90-4,-1,Lisaview
978-1-122-70426-7,28,Jasonland
978-0-372-18003-6,97,New Jason
978-0-389-45767-1,44,Reneemouth
978-0-10-503982-2,72,Lake Jessicafurt
978-1-00-500283-1,63,East Janice
978-1-86393-866-2,83,North Kevin
978-0-696-40189-3,91,New Michaelborough
978-0-00-437585-4,87,Robertton
978-0-06-887394-5,93,Martinezton
978-0-213-26041-5,61,Lake Michael
978-0-417-29384-4,42,Moyerhaven
978-0-8178-8899-2,34,
978-1-83851-878-3,8,Lake Steven
978-1-189-57608-1,77,Port Jessicabury
978-1-870272-99-5,55,New Benjamin
978-0-9808258-5-5,30,Jaclynmouth
978-0-06-196777-1,6,East Brent
978-0-7218-8532-2,41,Port Richard
978-0-05-188545-0,38,Port Jasonchester
978-1-234-64442-0,11,Marialand
978-1-240-09783-8,3,Hutchinsonville
978-1-103-74757-3,89,Amychester
INVALID,42,Lake Jasonland
978-1-61423-451-7,36,Derrickview
978-1-301-50810-5,50,Elizabethburgh
978-0-601-43118-2,99,Omarchester
978-0-449-74120-7,99,Port Ryanburgh
978-0-13-506298-2,31,Bergerville
978-1-245-32153-2,4,Port Derrick
978-0-00-980592-9,69,
978-1-72687-359-8,50,Port Lisatown
978-1-347-25908-5,69,New Terriburgh
978-1-214-71683-3,56,South Alanstad
978-1-992182-17-2,24,Shortport
978-0-85974-372-3,42,East Jonathanside
978-1-76590-755-1,38,Douglastown
978-0-00-934206-6,93,Jenniferport
978-1-78011-936-6,98,Port Melissatown
978-0-86053-525-6,43,West Dana
978-0-494-36370-6,71,Rodriguezborough
978-1-83597-324-0,26,East Samuel
978-0-548-14593-7,6,Sylvialand
978-1-222-28452-2,78,Molinamouth
978-0-514-85679-9,98,South Tyrone
978-0-06-323995-1,53,Lake Juliebury
978-0-17-129912-0,61,Gonzalezchester
978-1-7350880-4-4,92,New Mary
978-0-18-486380-6,6,Jennifershire
978-1-55520-571-3,88,Deanmouth
978-1-230-31448-8,25,Colleenview
978-1-81770-465-7,58,East Robertmouth
978-0-02-968577-8,47,West Christine
978-0-7291-3028-8,56,Williamville
978-1-883712-09-9,75,North Ian
978-1-58302-260-3,49,Lisaview
978-0-287-77052-0,42,Christianton
978-1-59777-134-4,97,West Renee
978-0-209-08807-8,21,Robertfort
978-1-4520-8224-0,84,Brandonside
978-0-217-93556-2,21,Carrollside
978-0-461-21801-5,86,Lopezshire
978-1-337-63234-8,6,Williamsport
978-1-5145-8422-4,6,Michaelburgh
978-1-5336-2786-5,24,East Williamborough
978-1-929184-69-9,26,Elaineside
978-1-85148-344-0,11,Humphreyport
978-0-259-16685-6,58,West Karabury
978-1-83283-453-7,87,Simmonsstad
978-0-7738-8829-6,44,West Cameron
978-0-941364-62-1,74,Craigton
978-1-243-44384-7,66,Thomashaven
978-1-260-62822-7,2,Jamesberg
978-0-18-011330-1,81,Michaeltown
978-1-68312-549-5,70,Davisstad
978-1-969335-76-1,5,Taylorbury
978-1-953812-64-3,50,Katherinefort
978-1-323-65546-7,41,Shannonfort
978-0-614-61845-7,84,Kelleyborough
978-1-4077-0241-4,88,North Richard
978-1-392-38577-7,63,South Marisaton
978-1-885427-93-9,77,Gainesfurt
978-0-252-19840-3,94,Lake Marymouth
978-0-04-478786-0,86,Johnland
INVALID,91,Camposfort
978-0-309-94577-6,5,New Jennifermouth
978-0-945354-07-9,37,Watsonhaven
978-1-80972-562-2,47,Lake Michellehaven
978-1-07-086594-2,-1,South Adamborough
978-1-09-158225-5,40,Lake Daniel
978-0-400-85106-8,85,South Lisa
978-1-68953-062-0,34,Lake Sherifurt
978-0-7981-3603-7,91,Lake Stephanieville
978-0-578-05435-3,16,Kevinhaven
978-1-5083-5488-8,55,Lake Scott
978-0-427-86806-3,56,Jasontown
978-0-934845-05-2,83,West Johntown
978-1-67823-653-3,63,Port Davidborough
978-0-10-957933-1,19,North Bradleyborough
978-1-4002-9099-4,68,East Katherineburgh
978-0-00-885075-3,72,North Stephanie
978-0-10-503982-2,72,Lake Jessicafurt
978-0-259-16685-6,58,West Karabury
978-1-9823-7316-0,24,South Christopher
978-0-12-033389-9,-1,Perezborough
978-1-992182-17-2,24,Shortport
978-0-449-74120-7,99,Port Ryanburgh
978-1-5147-3905-1,16,West Rachelhaven
978-1-262-14844-0,93,North Michaelside
INVALID,75,North Samantha
978-1-308-54265-2,83,Garciafort
978-1-78011-936-6,98,Port Melissatown
978-0-918200-39-6,-1,Lake Tammy
978-0-05-188545-0,38,Port Jasonchester
978-0-641-23821-5,9,Olsonchester
978-0-12-794875-1,61,Grimestown
